date,store_id,total_orders,expected_lead_days,actual_lead_days,on_time_delivery
2023-01-01,S001,390.0,2,1,True
2023-01-01,S002,432.0,2,1,True
2023-01-01,S003,380.0,2,1,True
2023-01-01,S004,432.0,2,2,True
2023-01-01,S005,431.0,2,2,True
2023-01-02,S001,280.0,2,2,True
2023-01-02,S002,374.0,2,1,True
2023-01-02,S003,354.0,2,1,True
2023-01-02,S004,391.0,2,1,True
2023-01-02,S005,337.0,2,1,True
2023-01-03,S001,327.0,2,1,True
2023-01-03,S002,355.0,2,3,False
2023-01-03,S003,434.0,2,2,True
2023-01-03,S004,301.0,2,1,True
2023-01-03,S005,359.0,2,1,True
2023-01-04,S001,372.0,2,3,False
2023-01-04,S002,390.0,2,1,True
2023-01-04,S003,408.0,2,2,True
2023-01-04,S004,391.0,2,1,True
2023-01-04,S005,421.0,2,2,True
2023-01-05,S001,406.0,2,1,True
2023-01-05,S002,352.0,2,1,True
2023-01-05,S003,357.0,2,2,True
2023-01-05,S004,331.0,2,2,True
2023-01-05,S005,445.0,2,2,True
2023-01-06,S001,398.0,2,2,True
2023-01-06,S002,390.0,2,2,True
2023-01-06,S003,361.0,2,1,True
2023-01-06,S004,343.0,2,2,True
2023-01-06,S005,381.0,2,1,True
2023-01-07,S001,541.0,2,1,True
2023-01-07,S002,383.0,2,2,True
2023-01-07,S003,487.0,2,2,True
2023-01-07,S004,484.0,2,2,True
2023-01-07,S005,463.0,2,2,True
2023-01-08,S001,455.0,2,1,True
2023-01-08,S002,401.0,2,1,True
2023-01-08,S003,398.0,2,2,True
2023-01-08,S004,447.0,2,1,True
2023-01-08,S005,507.0,2,1,True
2023-01-09,S001,380.0,2,2,True
2023-01-09,S002,315.0,2,2,True
2023-01-09,S003,339.0,2,1,True
2023-01-09,S004,421.0,2,2,True
2023-01-09,S005,348.0,2,2,True
2023-01-10,S001,349.0,2,1,True
2023-01-10,S002,367.0,2,1,True
2023-01-10,S003,416.0,2,2,True
2023-01-10,S004,349.0,2,2,True
2023-01-10,S005,328.0,2,1,True
2023-01-11,S001,400.0,2,1,True
2023-01-11,S002,387.0,2,1,True
2023-01-11,S003,399.0,2,1,True
2023-01-11,S004,356.0,2,2,True
2023-01-11,S005,400.0,2,2,True
2023-01-12,S001,325.0,2,1,True
2023-01-12,S002,394.0,2,2,True
2023-01-12,S003,397.0,2,2,True
2023-01-12,S004,302.0,2,2,True
2023-01-12,S005,361.0,2,2,True
2023-01-13,S001,356.0,2,2,True
2023-01-13,S002,483.0,2,2,True
2023-01-13,S003,344.0,2,1,True
2023-01-13,S004,338.0,2,1,True
2023-01-13,S005,315.0,2,1,True
2023-01-14,S001,500.0,2,2,True
2023-01-14,S002,464.0,2,2,True
2023-01-14,S003,467.0,2,2,True
2023-01-14,S004,470.0,2,2,True
2023-01-14,S005,436.0,2,1,True
2023-01-15,S001,405.0,2,1,True
2023-01-15,S002,527.0,2,2,True
2023-01-15,S003,536.0,2,2,True
2023-01-15,S004,399.0,2,1,True
2023-01-15,S005,385.0,2,2,True
2023-01-16,S001,424.0,2,1,True
2023-01-16,S002,460.0,2,1,True
2023-01-16,S003,355.0,2,1,True
2023-01-16,S004,361.0,2,1,True
2023-01-16,S005,213.0,2,2,True
2023-01-17,S001,324.0,2,2,True
2023-01-17,S002,414.0,2,1,True
2023-01-17,S003,358.0,2,1,True
2023-01-17,S004,394.0,2,3,False
2023-01-17,S005,382.0,2,1,True
2023-01-18,S001,341.0,2,1,True
2023-01-18,S002,347.0,2,2,True
2023-01-18,S003,285.0,2,2,True
2023-01-18,S004,341.0,2,1,True
2023-01-18,S005,354.0,2,1,True
2023-01-19,S001,353.0,2,1,True
2023-01-19,S002,341.0,2,2,True
2023-01-19,S003,341.0,2,1,True
2023-01-19,S004,365.0,2,2,True
2023-01-19,S005,327.0,2,2,True
2023-01-20,S001,504.0,2,2,True
2023-01-20,S002,280.0,2,2,True
2023-01-20,S003,318.0,2,2,True
2023-01-20,S004,277.0,2,1,True
2023-01-20,S005,357.0,2,1,True
2023-01-21,S001,474.0,2,1,True
2023-01-21,S002,423.0,2,1,True
2023-01-21,S003,385.0,2,2,True
2023-01-21,S004,485.0,2,2,True
2023-01-21,S005,409.0,2,3,False
2023-01-22,S001,469.0,2,2,True
2023-01-22,S002,539.0,2,1,True
2023-01-22,S003,440.0,2,1,True
2023-01-22,S004,470.0,2,2,True
2023-01-22,S005,439.0,2,1,True
2023-01-23,S001,306.0,2,1,True
2023-01-23,S002,422.0,2,2,True
2023-01-23,S003,346.0,2,2,True
2023-01-23,S004,369.0,2,1,True
2023-01-23,S005,309.0,2,2,True
2023-01-24,S001,250.0,2,1,True
2023-01-24,S002,319.0,2,2,True
2023-01-24,S003,406.0,2,1,True
2023-01-24,S004,359.0,2,2,True
2023-01-24,S005,394.0,2,2,True
2023-01-25,S001,361.0,2,2,True
2023-01-25,S002,408.0,2,1,True
2023-01-25,S003,411.0,2,1,True
2023-01-25,S004,366.0,2,2,True
2023-01-25,S005,394.0,2,2,True
2023-01-26,S001,283.0,2,1,True
2023-01-26,S002,465.0,2,2,True
2023-01-26,S003,338.0,2,2,True
2023-01-26,S004,429.0,2,2,True
2023-01-26,S005,287.0,2,2,True
2023-01-27,S001,326.0,2,2,True
2023-01-27,S002,421.0,2,1,True
2023-01-27,S003,385.0,2,2,True
2023-01-27,S004,379.0,2,2,True
2023-01-27,S005,352.0,2,1,True
2023-01-28,S001,436.0,2,2,True
2023-01-28,S002,479.0,2,1,True
2023-01-28,S003,547.0,2,1,True
2023-01-28,S004,460.0,2,1,True
2023-01-28,S005,423.0,2,1,True
2023-01-29,S001,415.0,2,2,True
2023-01-29,S002,490.0,2,1,True
2023-01-29,S003,485.0,2,1,True
2023-01-29,S004,485.0,2,1,True
2023-01-29,S005,438.0,2,1,True
2023-01-30,S001,379.0,2,1,True
2023-01-30,S002,383.0,2,2,True
2023-01-30,S003,300.0,2,2,True
2023-01-30,S004,409.0,2,1,True
2023-01-30,S005,418.0,2,2,True
2023-01-31,S001,302.0,2,1,True
2023-01-31,S002,365.0,2,2,True
2023-01-31,S003,463.0,2,2,True
2023-01-31,S004,273.0,2,2,True
2023-01-31,S005,384.0,2,1,True
2023-02-01,S001,365.0,2,2,True
2023-02-01,S002,308.0,2,1,True
2023-02-01,S003,364.0,2,1,True
2023-02-01,S004,336.0,2,1,True
2023-02-01,S005,387.0,2,1,True
2023-02-02,S001,427.0,2,1,True
2023-02-02,S002,340.0,2,1,True
2023-02-02,S003,388.0,2,1,True
2023-02-02,S004,371.0,2,2,True
2023-02-02,S005,334.0,2,1,True
2023-02-03,S001,290.0,2,2,True
2023-02-03,S002,378.0,2,1,True
2023-02-03,S003,362.0,2,2,True
2023-02-03,S004,383.0,2,2,True
2023-02-03,S005,327.0,2,3,False
2023-02-04,S001,411.0,2,2,True
2023-02-04,S002,519.0,2,1,True
2023-02-04,S003,489.0,2,2,True
2023-02-04,S004,493.0,2,1,True
2023-02-04,S005,562.0,2,2,True
2023-02-05,S001,468.0,2,2,True
2023-02-05,S002,409.0,2,1,True
2023-02-05,S003,467.0,2,1,True
2023-02-05,S004,383.0,2,2,True
2023-02-05,S005,418.0,2,1,True
2023-02-06,S001,406.0,2,1,True
2023-02-06,S002,335.0,2,1,True
2023-02-06,S003,416.0,2,2,True
2023-02-06,S004,437.0,2,1,True
2023-02-06,S005,396.0,2,1,True
2023-02-07,S001,348.0,2,1,True
2023-02-07,S002,309.0,2,2,True
2023-02-07,S003,364.0,2,1,True
2023-02-07,S004,368.0,2,1,True
2023-02-07,S005,334.0,2,2,True
2023-02-08,S001,368.0,2,1,True
2023-02-08,S002,264.0,2,1,True
2023-02-08,S003,423.0,2,1,True
2023-02-08,S004,398.0,2,2,True
2023-02-08,S005,391.0,2,2,True
2023-02-09,S001,318.0,2,2,True
2023-02-09,S002,340.0,2,1,True
2023-02-09,S003,337.0,2,2,True
2023-02-09,S004,434.0,2,2,True
2023-02-09,S005,388.0,2,1,True
2023-02-10,S001,396.0,2,1,True
2023-02-10,S002,429.0,2,2,True
2023-02-10,S003,398.0,2,2,True
2023-02-10,S004,366.0,2,1,True
2023-02-10,S005,412.0,2,2,True
2023-02-11,S001,536.0,2,2,True
2023-02-11,S002,414.0,2,1,True
2023-02-11,S003,481.0,2,2,True
2023-02-11,S004,484.0,2,2,True
2023-02-11,S005,491.0,2,1,True
2023-02-12,S001,553.0,2,2,True
2023-02-12,S002,392.0,2,3,False
2023-02-12,S003,408.0,2,2,True
2023-02-12,S004,476.0,2,1,True
2023-02-12,S005,498.0,2,2,True
2023-02-13,S001,408.0,2,2,True
2023-02-13,S002,340.0,2,2,True
2023-02-13,S003,343.0,2,1,True
2023-02-13,S004,380.0,2,2,True
2023-02-13,S005,334.0,2,2,True
2023-02-14,S001,347.0,2,2,True
2023-02-14,S002,296.0,2,1,True
2023-02-14,S003,381.0,2,2,True
2023-02-14,S004,359.0,2,2,True
2023-02-14,S005,285.0,2,1,True
2023-02-15,S001,380.0,2,1,True
2023-02-15,S002,382.0,2,1,True
2023-02-15,S003,349.0,2,1,True
2023-02-15,S004,360.0,2,1,True
2023-02-15,S005,364.0,2,2,True
2023-02-16,S001,292.0,2,2,True
2023-02-16,S002,270.0,2,1,True
2023-02-16,S003,384.0,2,1,True
2023-02-16,S004,343.0,2,2,True
2023-02-16,S005,431.0,2,1,True
2023-02-17,S001,385.0,2,2,True
2023-02-17,S002,294.0,2,2,True
2023-02-17,S003,339.0,2,2,True
2023-02-17,S004,360.0,2,2,True
2023-02-17,S005,360.0,2,1,True
2023-02-18,S001,501.0,2,2,True
2023-02-18,S002,487.0,2,2,True
2023-02-18,S003,483.0,2,1,True
2023-02-18,S004,468.0,2,1,True
2023-02-18,S005,384.0,2,2,True
2023-02-19,S001,481.0,2,1,True
2023-02-19,S002,510.0,2,2,True
2023-02-19,S003,526.0,2,2,True
2023-02-19,S004,423.0,2,2,True
2023-02-19,S005,423.0,2,1,True
2023-02-20,S001,331.0,2,1,True
2023-02-20,S002,342.0,2,1,True
2023-02-20,S003,409.0,2,1,True
2023-02-20,S004,344.0,2,2,True
2023-02-20,S005,403.0,2,2,True
2023-02-21,S001,409.0,2,2,True
2023-02-21,S002,403.0,2,1,True
2023-02-21,S003,377.0,2,1,True
2023-02-21,S004,346.0,2,1,True
2023-02-21,S005,285.0,2,2,True
2023-02-22,S001,349.0,2,1,True
2023-02-22,S002,348.0,2,1,True
2023-02-22,S003,300.0,2,2,True
2023-02-22,S004,364.0,2,2,True
2023-02-22,S005,304.0,2,1,True
2023-02-23,S001,361.0,2,2,True
2023-02-23,S002,380.0,2,1,True
2023-02-23,S003,366.0,2,2,True
2023-02-23,S004,418.0,2,2,True
2023-02-23,S005,317.0,2,1,True
2023-02-24,S001,356.0,2,1,True
2023-02-24,S002,361.0,2,1,True
2023-02-24,S003,451.0,2,2,True
2023-02-24,S004,263.0,2,1,True
2023-02-24,S005,377.0,2,1,True
2023-02-25,S001,459.0,2,2,True
2023-02-25,S002,391.0,2,1,True
2023-02-25,S003,483.0,2,2,True
2023-02-25,S004,337.0,2,1,True
2023-02-25,S005,394.0,2,1,True
2023-02-26,S001,495.0,2,1,True
2023-02-26,S002,448.0,2,2,True
2023-02-26,S003,497.0,2,2,True
2023-02-26,S004,444.0,2,1,True
2023-02-26,S005,388.0,2,2,True
2023-02-27,S001,357.0,2,1,True
2023-02-27,S002,419.0,2,1,True
2023-02-27,S003,375.0,2,1,True
2023-02-27,S004,421.0,2,2,True
2023-02-27,S005,386.0,2,1,True
2023-02-28,S001,387.0,2,1,True
2023-02-28,S002,306.0,2,1,True
2023-02-28,S003,462.0,2,1,True
2023-02-28,S004,345.0,2,1,True
2023-02-28,S005,346.0,2,2,True
2023-03-01,S001,463.0,2,2,True
2023-03-01,S002,401.0,2,2,True
2023-03-01,S003,433.0,2,2,True
2023-03-01,S004,458.0,2,2,True
2023-03-01,S005,357.0,2,2,True
2023-03-02,S001,571.0,2,1,True
2023-03-02,S002,379.0,2,1,True
2023-03-02,S003,475.0,2,2,True
2023-03-02,S004,399.0,2,1,True
2023-03-02,S005,423.0,2,1,True
2023-03-03,S001,470.0,2,1,True
2023-03-03,S002,503.0,2,1,True
2023-03-03,S003,541.0,2,1,True
2023-03-03,S004,402.0,2,1,True
2023-03-03,S005,316.0,2,1,True
2023-03-04,S001,628.0,2,1,True
2023-03-04,S002,648.0,2,2,True
2023-03-04,S003,488.0,2,2,True
2023-03-04,S004,533.0,2,1,True
2023-03-04,S005,586.0,2,2,True
2023-03-05,S001,564.0,2,2,True
2023-03-05,S002,589.0,2,1,True
2023-03-05,S003,427.0,2,2,True
2023-03-05,S004,659.0,2,1,True
2023-03-05,S005,545.0,2,2,True
2023-03-06,S001,508.0,2,1,True
2023-03-06,S002,410.0,2,1,True
2023-03-06,S003,482.0,2,1,True
2023-03-06,S004,423.0,2,2,True
2023-03-06,S005,474.0,2,1,True
2023-03-07,S001,480.0,2,1,True
2023-03-07,S002,353.0,2,1,True
2023-03-07,S003,443.0,2,1,True
2023-03-07,S004,474.0,2,1,True
2023-03-07,S005,370.0,2,1,True
2023-03-08,S001,437.0,2,2,True
2023-03-08,S002,364.0,2,1,True
2023-03-08,S003,526.0,2,2,True
2023-03-08,S004,498.0,2,2,True
2023-03-08,S005,425.0,2,1,True
2023-03-09,S001,421.0,2,2,True
2023-03-09,S002,509.0,2,2,True
2023-03-09,S003,419.0,2,2,True
2023-03-09,S004,538.0,2,1,True
2023-03-09,S005,434.0,2,1,True
2023-03-10,S001,403.0,2,2,True
2023-03-10,S002,522.0,2,2,True
2023-03-10,S003,419.0,2,1,True
2023-03-10,S004,499.0,2,1,True
2023-03-10,S005,466.0,2,1,True
2023-03-11,S001,558.0,2,2,True
2023-03-11,S002,642.0,2,1,True
2023-03-11,S003,562.0,2,1,True
2023-03-11,S004,445.0,2,2,True
2023-03-11,S005,520.0,2,2,True
2023-03-12,S001,544.0,2,1,True
2023-03-12,S002,647.0,2,2,True
2023-03-12,S003,575.0,2,1,True
2023-03-12,S004,627.0,2,2,True
2023-03-12,S005,614.0,2,2,True
2023-03-13,S001,534.0,2,2,True
2023-03-13,S002,489.0,2,1,True
2023-03-13,S003,518.0,2,2,True
2023-03-13,S004,418.0,2,2,True
2023-03-13,S005,472.0,2,1,True
2023-03-14,S001,368.0,2,1,True
2023-03-14,S002,378.0,2,1,True
2023-03-14,S003,421.0,2,2,True
2023-03-14,S004,341.0,2,1,True
2023-03-14,S005,514.0,2,3,False
2023-03-15,S001,553.0,2,2,True
2023-03-15,S002,414.0,2,1,True
2023-03-15,S003,460.0,2,2,True
2023-03-15,S004,407.0,2,1,True
2023-03-15,S005,441.0,2,1,True
2023-03-16,S001,442.0,2,1,True
2023-03-16,S002,468.0,2,1,True
2023-03-16,S003,419.0,2,1,True
2023-03-16,S004,523.0,2,2,True
2023-03-16,S005,477.0,2,1,True
2023-03-17,S001,436.0,2,2,True
2023-03-17,S002,445.0,2,2,True
2023-03-17,S003,415.0,2,2,True
2023-03-17,S004,425.0,2,2,True
2023-03-17,S005,381.0,2,1,True
2023-03-18,S001,518.0,2,2,True
2023-03-18,S002,523.0,2,2,True
2023-03-18,S003,621.0,2,1,True
2023-03-18,S004,482.0,2,2,True
2023-03-18,S005,555.0,2,1,True
2023-03-19,S001,667.0,2,1,True
2023-03-19,S002,620.0,2,2,True
2023-03-19,S003,483.0,2,1,True
2023-03-19,S004,617.0,2,2,True
2023-03-19,S005,390.0,2,2,True
2023-03-20,S001,425.0,2,1,True
2023-03-20,S002,413.0,2,1,True
2023-03-20,S003,454.0,2,2,True
2023-03-20,S004,519.0,2,2,True
2023-03-20,S005,472.0,2,2,True
2023-03-21,S001,501.0,2,2,True
2023-03-21,S002,384.0,2,2,True
2023-03-21,S003,441.0,2,2,True
2023-03-21,S004,377.0,2,1,True
2023-03-21,S005,463.0,2,1,True
2023-03-22,S001,428.0,2,1,True
2023-03-22,S002,378.0,2,2,True
2023-03-22,S003,486.0,2,1,True
2023-03-22,S004,404.0,2,1,True
2023-03-22,S005,454.0,2,2,True
2023-03-23,S001,530.0,2,1,True
2023-03-23,S002,454.0,2,1,True
2023-03-23,S003,371.0,2,2,True
2023-03-23,S004,509.0,2,1,True
2023-03-23,S005,337.0,2,2,True
2023-03-24,S001,426.0,2,3,False
2023-03-24,S002,437.0,2,1,True
2023-03-24,S003,436.0,2,2,True
2023-03-24,S004,276.0,2,1,True
2023-03-24,S005,481.0,2,1,True
2023-03-25,S001,604.0,2,1,True
2023-03-25,S002,501.0,2,1,True
2023-03-25,S003,533.0,2,2,True
2023-03-25,S004,539.0,2,2,True
2023-03-25,S005,732.0,2,2,True
2023-03-26,S001,584.0,2,2,True
2023-03-26,S002,591.0,2,1,True
2023-03-26,S003,558.0,2,2,True
2023-03-26,S004,644.0,2,1,True
2023-03-26,S005,621.0,2,1,True
2023-03-27,S001,434.0,2,2,True
2023-03-27,S002,490.0,2,1,True
2023-03-27,S003,373.0,2,2,True
2023-03-27,S004,495.0,2,3,False
2023-03-27,S005,415.0,2,1,True
2023-03-28,S001,405.0,2,2,True
2023-03-28,S002,470.0,2,1,True
2023-03-28,S003,470.0,2,2,True
2023-03-28,S004,504.0,2,1,True
2023-03-28,S005,437.0,2,1,True
2023-03-29,S001,430.0,2,1,True
2023-03-29,S002,472.0,2,1,True
2023-03-29,S003,442.0,2,2,True
2023-03-29,S004,405.0,2,1,True
2023-03-29,S005,468.0,2,1,True
2023-03-30,S001,390.0,2,1,True
2023-03-30,S002,387.0,2,2,True
2023-03-30,S003,470.0,2,1,True
2023-03-30,S004,415.0,2,1,True
2023-03-30,S005,464.0,2,2,True
2023-03-31,S001,423.0,2,1,True
2023-03-31,S002,467.0,2,2,True
2023-03-31,S003,428.0,2,2,True
2023-03-31,S004,422.0,2,2,True
2023-03-31,S005,486.0,2,2,True
2023-04-01,S001,700.0,2,2,True
2023-04-01,S002,632.0,2,2,True
2023-04-01,S003,584.0,2,1,True
2023-04-01,S004,549.0,2,2,True
2023-04-01,S005,617.0,2,2,True
2023-04-02,S001,683.0,2,1,True
2023-04-02,S002,600.0,2,1,True
2023-04-02,S003,612.0,2,1,True
2023-04-02,S004,660.0,2,1,True
2023-04-02,S005,623.0,2,2,True
2023-04-03,S001,440.0,2,2,True
2023-04-03,S002,367.0,2,3,False
2023-04-03,S003,434.0,2,1,True
2023-04-03,S004,627.0,2,1,True
2023-04-03,S005,582.0,2,2,True
2023-04-04,S001,471.0,2,2,True
2023-04-04,S002,515.0,2,1,True
2023-04-04,S003,512.0,2,1,True
2023-04-04,S004,480.0,2,1,True
2023-04-04,S005,519.0,2,1,True
2023-04-05,S001,461.0,2,2,True
2023-04-05,S002,451.0,2,1,True
2023-04-05,S003,413.0,2,1,True
2023-04-05,S004,433.0,2,2,True
2023-04-05,S005,436.0,2,1,True
2023-04-06,S001,414.0,2,1,True
2023-04-06,S002,453.0,2,1,True
2023-04-06,S003,581.0,2,1,True
2023-04-06,S004,372.0,2,1,True
2023-04-06,S005,445.0,2,1,True
2023-04-07,S001,480.0,2,2,True
2023-04-07,S002,436.0,2,2,True
2023-04-07,S003,393.0,2,1,True
2023-04-07,S004,528.0,2,2,True
2023-04-07,S005,546.0,2,2,True
2023-04-08,S001,628.0,2,1,True
2023-04-08,S002,567.0,2,1,True
2023-04-08,S003,626.0,2,1,True
2023-04-08,S004,611.0,2,2,True
2023-04-08,S005,577.0,2,2,True
2023-04-09,S001,624.0,2,1,True
2023-04-09,S002,425.0,2,1,True
2023-04-09,S003,590.0,2,1,True
2023-04-09,S004,581.0,2,1,True
2023-04-09,S005,585.0,2,2,True
2023-04-10,S001,544.0,2,1,True
2023-04-10,S002,430.0,2,2,True
2023-04-10,S003,497.0,2,2,True
2023-04-10,S004,415.0,2,3,False
2023-04-10,S005,505.0,2,2,True
2023-04-11,S001,500.0,2,1,True
2023-04-11,S002,604.0,2,2,True
2023-04-11,S003,615.0,2,2,True
2023-04-11,S004,568.0,2,1,True
2023-04-11,S005,500.0,2,2,True
2023-04-12,S001,502.0,2,1,True
2023-04-12,S002,401.0,2,2,True
2023-04-12,S003,448.0,2,1,True
2023-04-12,S004,529.0,2,2,True
2023-04-12,S005,386.0,2,1,True
2023-04-13,S001,478.0,2,2,True
2023-04-13,S002,599.0,2,1,True
2023-04-13,S003,449.0,2,1,True
2023-04-13,S004,469.0,2,2,True
2023-04-13,S005,486.0,2,2,True
2023-04-14,S001,464.0,2,1,True
2023-04-14,S002,468.0,2,2,True
2023-04-14,S003,547.0,2,2,True
2023-04-14,S004,636.0,2,2,True
2023-04-14,S005,384.0,2,2,True
2023-04-15,S001,587.0,2,1,True
2023-04-15,S002,696.0,2,2,True
2023-04-15,S003,757.0,2,1,True
2023-04-15,S004,529.0,2,1,True
2023-04-15,S005,623.0,2,2,True
2023-04-16,S001,539.0,2,2,True
2023-04-16,S002,621.0,2,2,True
2023-04-16,S003,484.0,2,1,True
2023-04-16,S004,648.0,2,1,True
2023-04-16,S005,515.0,2,1,True
2023-04-17,S001,487.0,2,1,True
2023-04-17,S002,438.0,2,2,True
2023-04-17,S003,380.0,2,2,True
2023-04-17,S004,470.0,2,2,True
2023-04-17,S005,479.0,2,1,True
2023-04-18,S001,387.0,2,1,True
2023-04-18,S002,429.0,2,2,True
2023-04-18,S003,408.0,2,1,True
2023-04-18,S004,481.0,2,2,True
2023-04-18,S005,415.0,2,2,True
2023-04-19,S001,583.0,2,2,True
2023-04-19,S002,393.0,2,1,True
2023-04-19,S003,325.0,2,1,True
2023-04-19,S004,472.0,2,2,True
2023-04-19,S005,590.0,2,1,True
2023-04-20,S001,408.0,2,1,True
2023-04-20,S002,528.0,2,1,True
2023-04-20,S003,613.0,2,2,True
2023-04-20,S004,400.0,2,1,True
2023-04-20,S005,514.0,2,1,True
2023-04-21,S001,430.0,2,1,True
2023-04-21,S002,566.0,2,1,True
2023-04-21,S003,625.0,2,2,True
2023-04-21,S004,552.0,2,2,True
2023-04-21,S005,471.0,2,1,True
2023-04-22,S001,591.0,2,1,True
2023-04-22,S002,552.0,2,1,True
2023-04-22,S003,716.0,2,1,True
2023-04-22,S004,701.0,2,1,True
2023-04-22,S005,657.0,2,1,True
2023-04-23,S001,729.0,2,2,True
2023-04-23,S002,549.0,2,2,True
2023-04-23,S003,686.0,2,2,True
2023-04-23,S004,635.0,2,1,True
2023-04-23,S005,581.0,2,1,True
2023-04-24,S001,519.0,2,1,True
2023-04-24,S002,487.0,2,1,True
2023-04-24,S003,531.0,2,2,True
2023-04-24,S004,427.0,2,2,True
2023-04-24,S005,433.0,2,2,True
2023-04-25,S001,457.0,2,1,True
2023-04-25,S002,540.0,2,2,True
2023-04-25,S003,485.0,2,1,True
2023-04-25,S004,441.0,2,1,True
2023-04-25,S005,585.0,2,1,True
2023-04-26,S001,487.0,2,2,True
2023-04-26,S002,566.0,2,2,True
2023-04-26,S003,511.0,2,2,True
2023-04-26,S004,565.0,2,1,True
2023-04-26,S005,508.0,2,1,True
2023-04-27,S001,481.0,2,1,True
2023-04-27,S002,499.0,2,2,True
2023-04-27,S003,445.0,2,2,True
2023-04-27,S004,471.0,2,2,True
2023-04-27,S005,488.0,2,2,True
2023-04-28,S001,518.0,2,1,True
2023-04-28,S002,503.0,2,2,True
2023-04-28,S003,439.0,2,2,True
2023-04-28,S004,541.0,2,1,True
2023-04-28,S005,478.0,2,1,True
2023-04-29,S001,745.0,2,1,True
2023-04-29,S002,662.0,2,1,True
2023-04-29,S003,577.0,2,2,True
2023-04-29,S004,666.0,2,2,True
2023-04-29,S005,494.0,2,2,True
2023-04-30,S001,541.0,2,2,True
2023-04-30,S002,709.0,2,1,True
2023-04-30,S003,515.0,2,1,True
2023-04-30,S004,703.0,2,2,True
2023-04-30,S005,548.0,2,2,True
2023-05-01,S001,513.0,2,2,True
2023-05-01,S002,564.0,2,2,True
2023-05-01,S003,516.0,2,1,True
2023-05-01,S004,558.0,2,2,True
2023-05-01,S005,490.0,2,1,True
2023-05-02,S001,485.0,2,2,True
2023-05-02,S002,621.0,2,2,True
2023-05-02,S003,450.0,2,1,True
2023-05-02,S004,415.0,2,1,True
2023-05-02,S005,588.0,2,3,False
2023-05-03,S001,438.0,2,2,True
2023-05-03,S002,432.0,2,2,True
2023-05-03,S003,535.0,2,2,True
2023-05-03,S004,597.0,2,2,True
2023-05-03,S005,424.0,2,2,True
2023-05-04,S001,599.0,2,2,True
2023-05-04,S002,427.0,2,2,True
2023-05-04,S003,567.0,2,2,True
2023-05-04,S004,543.0,2,1,True
2023-05-04,S005,502.0,2,3,False
2023-05-05,S001,453.0,2,1,True
2023-05-05,S002,622.0,2,1,True
2023-05-05,S003,554.0,2,1,True
2023-05-05,S004,577.0,2,1,True
2023-05-05,S005,431.0,2,2,True
2023-05-06,S001,746.0,2,1,True
2023-05-06,S002,756.0,2,1,True
2023-05-06,S003,719.0,2,1,True
2023-05-06,S004,513.0,2,1,True
2023-05-06,S005,591.0,2,2,True
2023-05-07,S001,516.0,2,1,True
2023-05-07,S002,698.0,2,1,True
2023-05-07,S003,561.0,2,2,True
2023-05-07,S004,707.0,2,1,True
2023-05-07,S005,600.0,2,1,True
2023-05-08,S001,481.0,2,3,False
2023-05-08,S002,595.0,2,1,True
2023-05-08,S003,584.0,2,3,False
2023-05-08,S004,579.0,2,1,True
2023-05-08,S005,483.0,2,2,True
2023-05-09,S001,619.0,2,3,False
2023-05-09,S002,483.0,2,1,True
2023-05-09,S003,569.0,2,1,True
2023-05-09,S004,541.0,2,1,True
2023-05-09,S005,512.0,2,2,True
2023-05-10,S001,510.0,2,2,True
2023-05-10,S002,479.0,2,2,True
2023-05-10,S003,378.0,2,1,True
2023-05-10,S004,481.0,2,3,False
2023-05-10,S005,565.0,2,2,True
2023-05-11,S001,573.0,2,1,True
2023-05-11,S002,433.0,2,2,True
2023-05-11,S003,608.0,2,2,True
2023-05-11,S004,447.0,2,1,True
2023-05-11,S005,484.0,2,2,True
2023-05-12,S001,573.0,2,2,True
2023-05-12,S002,438.0,2,2,True
2023-05-12,S003,628.0,2,2,True
2023-05-12,S004,454.0,2,1,True
2023-05-12,S005,487.0,2,1,True
2023-05-13,S001,656.0,2,2,True
2023-05-13,S002,548.0,2,1,True
2023-05-13,S003,570.0,2,2,True
2023-05-13,S004,625.0,2,1,True
2023-05-13,S005,595.0,2,1,True
2023-05-14,S001,718.0,2,1,True
2023-05-14,S002,710.0,2,1,True
2023-05-14,S003,822.0,2,2,True
2023-05-14,S004,629.0,2,3,False
2023-05-14,S005,611.0,2,1,True
2023-05-15,S001,584.0,2,1,True
2023-05-15,S002,347.0,2,1,True
2023-05-15,S003,586.0,2,1,True
2023-05-15,S004,515.0,2,2,True
2023-05-15,S005,550.0,2,1,True
2023-05-16,S001,479.0,2,2,True
2023-05-16,S002,508.0,2,1,True
2023-05-16,S003,505.0,2,2,True
2023-05-16,S004,526.0,2,2,True
2023-05-16,S005,483.0,2,2,True
2023-05-17,S001,523.0,2,1,True
2023-05-17,S002,445.0,2,1,True
2023-05-17,S003,360.0,2,2,True
2023-05-17,S004,494.0,2,2,True
2023-05-17,S005,484.0,2,1,True
2023-05-18,S001,506.0,2,2,True
2023-05-18,S002,437.0,2,2,True
2023-05-18,S003,504.0,2,2,True
2023-05-18,S004,548.0,2,1,True
2023-05-18,S005,423.0,2,2,True
2023-05-19,S001,552.0,2,1,True
2023-05-19,S002,550.0,2,2,True
2023-05-19,S003,522.0,2,1,True
2023-05-19,S004,510.0,2,1,True
2023-05-19,S005,508.0,2,1,True
2023-05-20,S001,712.0,2,1,True
2023-05-20,S002,447.0,2,1,True
2023-05-20,S003,732.0,2,1,True
2023-05-20,S004,767.0,2,2,True
2023-05-20,S005,673.0,2,1,True
2023-05-21,S001,681.0,2,2,True
2023-05-21,S002,554.0,2,1,True
2023-05-21,S003,606.0,2,1,True
2023-05-21,S004,634.0,2,1,True
2023-05-21,S005,715.0,2,1,True
2023-05-22,S001,409.0,2,1,True
2023-05-22,S002,577.0,2,1,True
2023-05-22,S003,524.0,2,1,True
2023-05-22,S004,422.0,2,2,True
2023-05-22,S005,558.0,2,1,True
2023-05-23,S001,387.0,2,1,True
2023-05-23,S002,535.0,2,1,True
2023-05-23,S003,505.0,2,2,True
2023-05-23,S004,580.0,2,1,True
2023-05-23,S005,535.0,2,2,True
2023-05-24,S001,496.0,2,2,True
2023-05-24,S002,453.0,2,3,False
2023-05-24,S003,381.0,2,1,True
2023-05-24,S004,595.0,2,2,True
2023-05-24,S005,508.0,2,1,True
2023-05-25,S001,486.0,2,1,True
2023-05-25,S002,616.0,2,1,True
2023-05-25,S003,526.0,2,1,True
2023-05-25,S004,531.0,2,1,True
2023-05-25,S005,515.0,2,1,True
2023-05-26,S001,649.0,2,1,True
2023-05-26,S002,472.0,2,1,True
2023-05-26,S003,396.0,2,1,True
2023-05-26,S004,372.0,2,2,True
2023-05-26,S005,340.0,2,1,True
2023-05-27,S001,589.0,2,1,True
2023-05-27,S002,597.0,2,1,True
2023-05-27,S003,489.0,2,2,True
2023-05-27,S004,664.0,2,2,True
2023-05-27,S005,874.0,2,1,True
2023-05-28,S001,581.0,2,1,True
2023-05-28,S002,607.0,2,2,True
2023-05-28,S003,768.0,2,2,True
2023-05-28,S004,654.0,2,2,True
2023-05-28,S005,597.0,2,2,True
2023-05-29,S001,562.0,2,1,True
2023-05-29,S002,514.0,2,2,True
2023-05-29,S003,464.0,2,1,True
2023-05-29,S004,439.0,2,1,True
2023-05-29,S005,324.0,2,1,True
2023-05-30,S001,623.0,2,1,True
2023-05-30,S002,626.0,2,1,True
2023-05-30,S003,485.0,2,2,True
2023-05-30,S004,450.0,2,1,True
2023-05-30,S005,455.0,2,2,True
2023-05-31,S001,481.0,2,2,True
2023-05-31,S002,395.0,2,2,True
2023-05-31,S003,545.0,2,1,True
2023-05-31,S004,525.0,2,1,True
2023-05-31,S005,482.0,2,2,True
2023-06-01,S001,411.0,2,1,True
2023-06-01,S002,675.0,2,1,True
2023-06-01,S003,425.0,2,2,True
2023-06-01,S004,432.0,2,1,True
2023-06-01,S005,519.0,2,2,True
2023-06-02,S001,439.0,2,1,True
2023-06-02,S002,516.0,2,2,True
2023-06-02,S003,591.0,2,1,True
2023-06-02,S004,596.0,2,1,True
2023-06-02,S005,477.0,2,1,True
2023-06-03,S001,713.0,2,2,True
2023-06-03,S002,664.0,2,2,True
2023-06-03,S003,735.0,2,2,True
2023-06-03,S004,680.0,2,2,True
2023-06-03,S005,740.0,2,2,True
2023-06-04,S001,695.0,2,2,True
2023-06-04,S002,731.0,2,1,True
2023-06-04,S003,582.0,2,2,True
2023-06-04,S004,666.0,2,1,True
2023-06-04,S005,617.0,2,1,True
2023-06-05,S001,447.0,2,2,True
2023-06-05,S002,431.0,2,2,True
2023-06-05,S003,427.0,2,1,True
2023-06-05,S004,559.0,2,3,False
2023-06-05,S005,550.0,2,1,True
2023-06-06,S001,590.0,2,1,True
2023-06-06,S002,566.0,2,1,True
2023-06-06,S003,586.0,2,2,True
2023-06-06,S004,547.0,2,2,True
2023-06-06,S005,644.0,2,2,True
2023-06-07,S001,514.0,2,2,True
2023-06-07,S002,487.0,2,3,False
2023-06-07,S003,462.0,2,2,True
2023-06-07,S004,463.0,2,1,True
2023-06-07,S005,565.0,2,2,True
2023-06-08,S001,598.0,2,2,True
2023-06-08,S002,502.0,2,2,True
2023-06-08,S003,568.0,2,2,True
2023-06-08,S004,477.0,2,2,True
2023-06-08,S005,673.0,2,2,True
2023-06-09,S001,423.0,2,2,True
2023-06-09,S002,492.0,2,2,True
2023-06-09,S003,617.0,2,2,True
2023-06-09,S004,568.0,2,1,True
2023-06-09,S005,484.0,2,2,True
2023-06-10,S001,569.0,2,2,True
2023-06-10,S002,622.0,2,1,True
2023-06-10,S003,533.0,2,1,True
2023-06-10,S004,807.0,2,2,True
2023-06-10,S005,667.0,2,2,True
2023-06-11,S001,742.0,2,1,True
2023-06-11,S002,616.0,2,1,True
2023-06-11,S003,647.0,2,1,True
2023-06-11,S004,591.0,2,1,True
2023-06-11,S005,461.0,2,1,True
2023-06-12,S001,490.0,2,1,True
2023-06-12,S002,562.0,2,2,True
2023-06-12,S003,498.0,2,1,True
2023-06-12,S004,435.0,2,1,True
2023-06-12,S005,504.0,2,2,True
2023-06-13,S001,557.0,2,2,True
2023-06-13,S002,598.0,2,2,True
2023-06-13,S003,575.0,2,1,True
2023-06-13,S004,518.0,2,2,True
2023-06-13,S005,487.0,2,2,True
2023-06-14,S001,481.0,2,1,True
2023-06-14,S002,508.0,2,1,True
2023-06-14,S003,449.0,2,1,True
2023-06-14,S004,470.0,2,1,True
2023-06-14,S005,464.0,2,1,True
2023-06-15,S001,441.0,2,1,True
2023-06-15,S002,497.0,2,1,True
2023-06-15,S003,544.0,2,2,True
2023-06-15,S004,528.0,2,2,True
2023-06-15,S005,527.0,2,2,True
2023-06-16,S001,341.0,2,2,True
2023-06-16,S002,488.0,2,1,True
2023-06-16,S003,382.0,2,3,False
2023-06-16,S004,513.0,2,1,True
2023-06-16,S005,432.0,2,1,True
2023-06-17,S001,690.0,2,2,True
2023-06-17,S002,680.0,2,2,True
2023-06-17,S003,665.0,2,2,True
2023-06-17,S004,714.0,2,2,True
2023-06-17,S005,707.0,2,1,True
2023-06-18,S001,608.0,2,2,True
2023-06-18,S002,700.0,2,2,True
2023-06-18,S003,764.0,2,2,True
2023-06-18,S004,697.0,2,2,True
2023-06-18,S005,702.0,2,1,True
2023-06-19,S001,555.0,2,1,True
2023-06-19,S002,504.0,2,2,True
2023-06-19,S003,550.0,2,1,True
2023-06-19,S004,555.0,2,2,True
2023-06-19,S005,416.0,2,2,True
2023-06-20,S001,574.0,2,2,True
2023-06-20,S002,507.0,2,1,True
2023-06-20,S003,655.0,2,2,True
2023-06-20,S004,606.0,2,2,True
2023-06-20,S005,640.0,2,1,True
2023-06-21,S001,586.0,2,2,True
2023-06-21,S002,483.0,2,2,True
2023-06-21,S003,467.0,2,1,True
2023-06-21,S004,493.0,2,1,True
2023-06-21,S005,496.0,2,1,True
2023-06-22,S001,458.0,2,1,True
2023-06-22,S002,639.0,2,2,True
2023-06-22,S003,498.0,2,2,True
2023-06-22,S004,469.0,2,2,True
2023-06-22,S005,420.0,2,1,True
2023-06-23,S001,446.0,2,1,True
2023-06-23,S002,598.0,2,2,True
2023-06-23,S003,596.0,2,2,True
2023-06-23,S004,353.0,2,1,True
2023-06-23,S005,538.0,2,1,True
2023-06-24,S001,514.0,2,1,True
2023-06-24,S002,640.0,2,2,True
2023-06-24,S003,523.0,2,2,True
2023-06-24,S004,744.0,2,2,True
2023-06-24,S005,636.0,2,1,True
2023-06-25,S001,791.0,2,1,True
2023-06-25,S002,417.0,2,1,True
2023-06-25,S003,741.0,2,2,True
2023-06-25,S004,535.0,2,2,True
2023-06-25,S005,548.0,2,1,True
2023-06-26,S001,594.0,2,1,True
2023-06-26,S002,509.0,2,1,True
2023-06-26,S003,516.0,2,1,True
2023-06-26,S004,539.0,2,1,True
2023-06-26,S005,597.0,2,2,True
2023-06-27,S001,368.0,2,1,True
2023-06-27,S002,557.0,2,1,True
2023-06-27,S003,599.0,2,2,True
2023-06-27,S004,569.0,2,1,True
2023-06-27,S005,511.0,2,2,True
2023-06-28,S001,521.0,2,2,True
2023-06-28,S002,655.0,2,2,True
2023-06-28,S003,525.0,2,1,True
2023-06-28,S004,413.0,2,1,True
2023-06-28,S005,503.0,2,2,True
2023-06-29,S001,356.0,2,3,False
2023-06-29,S002,459.0,2,1,True
2023-06-29,S003,560.0,2,1,True
2023-06-29,S004,519.0,2,2,True
2023-06-29,S005,492.0,2,1,True
2023-06-30,S001,542.0,2,1,True
2023-06-30,S002,468.0,2,1,True
2023-06-30,S003,600.0,2,2,True
2023-06-30,S004,464.0,2,1,True
2023-06-30,S005,510.0,2,1,True
2023-07-01,S001,624.0,2,1,True
2023-07-01,S002,711.0,2,1,True
2023-07-01,S003,774.0,2,3,False
2023-07-01,S004,671.0,2,1,True
2023-07-01,S005,570.0,2,2,True
2023-07-02,S001,587.0,2,2,True
2023-07-02,S002,678.0,2,1,True
2023-07-02,S003,625.0,2,2,True
2023-07-02,S004,728.0,2,1,True
2023-07-02,S005,659.0,2,1,True
2023-07-03,S001,625.0,2,1,True
2023-07-03,S002,681.0,2,2,True
2023-07-03,S003,564.0,2,1,True
2023-07-03,S004,623.0,2,2,True
2023-07-03,S005,550.0,2,1,True
2023-07-04,S001,542.0,2,1,True
2023-07-04,S002,491.0,2,2,True
2023-07-04,S003,608.0,2,2,True
2023-07-04,S004,563.0,2,1,True
2023-07-04,S005,556.0,2,1,True
2023-07-05,S001,697.0,2,2,True
2023-07-05,S002,691.0,2,1,True
2023-07-05,S003,549.0,2,2,True
2023-07-05,S004,595.0,2,2,True
2023-07-05,S005,538.0,2,1,True
2023-07-06,S001,614.0,2,2,True
2023-07-06,S002,528.0,2,2,True
2023-07-06,S003,607.0,2,2,True
2023-07-06,S004,398.0,2,1,True
2023-07-06,S005,588.0,2,1,True
2023-07-07,S001,548.0,2,1,True
2023-07-07,S002,519.0,2,2,True
2023-07-07,S003,648.0,2,2,True
2023-07-07,S004,621.0,2,1,True
2023-07-07,S005,584.0,2,2,True
2023-07-08,S001,815.0,2,2,True
2023-07-08,S002,609.0,2,2,True
2023-07-08,S003,676.0,2,2,True
2023-07-08,S004,728.0,2,1,True
2023-07-08,S005,827.0,2,2,True
2023-07-09,S001,679.0,2,1,True
2023-07-09,S002,790.0,2,2,True
2023-07-09,S003,561.0,2,1,True
2023-07-09,S004,685.0,2,1,True
2023-07-09,S005,626.0,2,3,False
2023-07-10,S001,663.0,2,3,False
2023-07-10,S002,522.0,2,1,True
2023-07-10,S003,543.0,2,1,True
2023-07-10,S004,506.0,2,1,True
2023-07-10,S005,519.0,2,1,True
2023-07-11,S001,702.0,2,1,True
2023-07-11,S002,494.0,2,1,True
2023-07-11,S003,564.0,2,2,True
2023-07-11,S004,475.0,2,1,True
2023-07-11,S005,680.0,2,1,True
2023-07-12,S001,495.0,2,1,True
2023-07-12,S002,426.0,2,1,True
2023-07-12,S003,516.0,2,2,True
2023-07-12,S004,594.0,2,1,True
2023-07-12,S005,548.0,2,1,True
2023-07-13,S001,541.0,2,1,True
2023-07-13,S002,522.0,2,2,True
2023-07-13,S003,558.0,2,3,False
2023-07-13,S004,619.0,2,1,True
2023-07-13,S005,670.0,2,1,True
2023-07-14,S001,473.0,2,2,True
2023-07-14,S002,590.0,2,2,True
2023-07-14,S003,420.0,2,1,True
2023-07-14,S004,428.0,2,2,True
2023-07-14,S005,453.0,2,2,True
2023-07-15,S001,722.0,2,1,True
2023-07-15,S002,633.0,2,1,True
2023-07-15,S003,578.0,2,2,True
2023-07-15,S004,778.0,2,1,True
2023-07-15,S005,628.0,2,2,True
2023-07-16,S001,605.0,2,2,True
2023-07-16,S002,765.0,2,1,True
2023-07-16,S003,622.0,2,1,True
2023-07-16,S004,779.0,2,2,True
2023-07-16,S005,846.0,2,2,True
2023-07-17,S001,408.0,2,1,True
2023-07-17,S002,689.0,2,2,True
2023-07-17,S003,525.0,2,2,True
2023-07-17,S004,566.0,2,2,True
2023-07-17,S005,573.0,2,2,True
2023-07-18,S001,507.0,2,1,True
2023-07-18,S002,450.0,2,1,True
2023-07-18,S003,659.0,2,1,True
2023-07-18,S004,524.0,2,1,True
2023-07-18,S005,571.0,2,2,True
2023-07-19,S001,506.0,2,2,True
2023-07-19,S002,584.0,2,2,True
2023-07-19,S003,528.0,2,2,True
2023-07-19,S004,533.0,2,2,True
2023-07-19,S005,495.0,2,1,True
2023-07-20,S001,534.0,2,1,True
2023-07-20,S002,542.0,2,2,True
2023-07-20,S003,578.0,2,1,True
2023-07-20,S004,547.0,2,1,True
2023-07-20,S005,646.0,2,1,True
2023-07-21,S001,540.0,2,1,True
2023-07-21,S002,537.0,2,2,True
2023-07-21,S003,459.0,2,2,True
2023-07-21,S004,670.0,2,2,True
2023-07-21,S005,495.0,2,1,True
2023-07-22,S001,656.0,2,1,True
2023-07-22,S002,632.0,2,2,True
2023-07-22,S003,696.0,2,1,True
2023-07-22,S004,643.0,2,2,True
2023-07-22,S005,745.0,2,1,True
2023-07-23,S001,710.0,2,1,True
2023-07-23,S002,574.0,2,1,True
2023-07-23,S003,748.0,2,2,True
2023-07-23,S004,696.0,2,1,True
2023-07-23,S005,684.0,2,1,True
2023-07-24,S001,460.0,2,1,True
2023-07-24,S002,446.0,2,1,True
2023-07-24,S003,559.0,2,2,True
2023-07-24,S004,582.0,2,1,True
2023-07-24,S005,590.0,2,1,True
2023-07-25,S001,763.0,2,1,True
2023-07-25,S002,422.0,2,1,True
2023-07-25,S003,575.0,2,2,True
2023-07-25,S004,632.0,2,2,True
2023-07-25,S005,542.0,2,2,True
2023-07-26,S001,492.0,2,2,True
2023-07-26,S002,575.0,2,1,True
2023-07-26,S003,404.0,2,1,True
2023-07-26,S004,549.0,2,2,True
2023-07-26,S005,536.0,2,2,True
2023-07-27,S001,483.0,2,2,True
2023-07-27,S002,602.0,2,2,True
2023-07-27,S003,592.0,2,1,True
2023-07-27,S004,462.0,2,2,True
2023-07-27,S005,617.0,2,1,True
2023-07-28,S001,452.0,2,2,True
2023-07-28,S002,569.0,2,2,True
2023-07-28,S003,432.0,2,1,True
2023-07-28,S004,612.0,2,1,True
2023-07-28,S005,538.0,2,1,True
2023-07-29,S001,756.0,2,2,True
2023-07-29,S002,745.0,2,2,True
2023-07-29,S003,826.0,2,2,True
2023-07-29,S004,718.0,2,3,False
2023-07-29,S005,738.0,2,1,True
2023-07-30,S001,589.0,2,2,True
2023-07-30,S002,753.0,2,2,True
2023-07-30,S003,672.0,2,2,True
2023-07-30,S004,820.0,2,3,False
2023-07-30,S005,754.0,2,1,True
2023-07-31,S001,372.0,2,1,True
2023-07-31,S002,441.0,2,2,True
2023-07-31,S003,599.0,2,1,True
2023-07-31,S004,491.0,2,1,True
2023-07-31,S005,577.0,2,1,True
2023-08-01,S001,458.0,2,1,True
2023-08-01,S002,341.0,2,1,True
2023-08-01,S003,520.0,2,1,True
2023-08-01,S004,325.0,2,1,True
2023-08-01,S005,544.0,2,1,True
2023-08-02,S001,409.0,2,1,True
2023-08-02,S002,542.0,2,1,True
2023-08-02,S003,536.0,2,1,True
2023-08-02,S004,560.0,2,1,True
2023-08-02,S005,540.0,2,2,True
2023-08-03,S001,595.0,2,1,True
2023-08-03,S002,602.0,2,2,True
2023-08-03,S003,518.0,2,2,True
2023-08-03,S004,462.0,2,1,True
2023-08-03,S005,447.0,2,2,True
2023-08-04,S001,566.0,2,2,True
2023-08-04,S002,523.0,2,1,True
2023-08-04,S003,509.0,2,1,True
2023-08-04,S004,398.0,2,2,True
2023-08-04,S005,567.0,2,2,True
2023-08-05,S001,572.0,2,1,True
2023-08-05,S002,636.0,2,1,True
2023-08-05,S003,636.0,2,1,True
2023-08-05,S004,661.0,2,1,True
2023-08-05,S005,605.0,2,1,True
2023-08-06,S001,626.0,2,2,True
2023-08-06,S002,738.0,2,2,True
2023-08-06,S003,659.0,2,1,True
2023-08-06,S004,693.0,2,2,True
2023-08-06,S005,679.0,2,2,True
2023-08-07,S001,599.0,2,1,True
2023-08-07,S002,491.0,2,2,True
2023-08-07,S003,632.0,2,1,True
2023-08-07,S004,503.0,2,1,True
2023-08-07,S005,508.0,2,1,True
2023-08-08,S001,566.0,2,1,True
2023-08-08,S002,511.0,2,2,True
2023-08-08,S003,476.0,2,2,True
2023-08-08,S004,580.0,2,1,True
2023-08-08,S005,451.0,2,1,True
2023-08-09,S001,517.0,2,1,True
2023-08-09,S002,463.0,2,1,True
2023-08-09,S003,421.0,2,2,True
2023-08-09,S004,586.0,2,1,True
2023-08-09,S005,605.0,2,1,True
2023-08-10,S001,507.0,2,1,True
2023-08-10,S002,534.0,2,2,True
2023-08-10,S003,546.0,2,2,True
2023-08-10,S004,523.0,2,1,True
2023-08-10,S005,556.0,2,1,True
2023-08-11,S001,529.0,2,1,True
2023-08-11,S002,541.0,2,1,True
2023-08-11,S003,532.0,2,2,True
2023-08-11,S004,490.0,2,2,True
2023-08-11,S005,567.0,2,1,True
2023-08-12,S001,640.0,2,1,True
2023-08-12,S002,554.0,2,2,True
2023-08-12,S003,747.0,2,2,True
2023-08-12,S004,758.0,2,1,True
2023-08-12,S005,576.0,2,1,True
2023-08-13,S001,543.0,2,2,True
2023-08-13,S002,790.0,2,1,True
2023-08-13,S003,641.0,2,2,True
2023-08-13,S004,739.0,2,2,True
2023-08-13,S005,635.0,2,1,True
2023-08-14,S001,514.0,2,2,True
2023-08-14,S002,486.0,2,1,True
2023-08-14,S003,530.0,2,2,True
2023-08-14,S004,547.0,2,2,True
2023-08-14,S005,482.0,2,1,True
2023-08-15,S001,454.0,2,1,True
2023-08-15,S002,523.0,2,2,True
2023-08-15,S003,419.0,2,2,True
2023-08-15,S004,680.0,2,2,True
2023-08-15,S005,428.0,2,1,True
2023-08-16,S001,547.0,2,2,True
2023-08-16,S002,532.0,2,1,True
2023-08-16,S003,605.0,2,2,True
2023-08-16,S004,392.0,2,1,True
2023-08-16,S005,470.0,2,1,True
2023-08-17,S001,545.0,2,2,True
2023-08-17,S002,562.0,2,2,True
2023-08-17,S003,593.0,2,2,True
2023-08-17,S004,490.0,2,1,True
2023-08-17,S005,497.0,2,1,True
2023-08-18,S001,541.0,2,2,True
2023-08-18,S002,510.0,2,2,True
2023-08-18,S003,508.0,2,2,True
2023-08-18,S004,534.0,2,2,True
2023-08-18,S005,523.0,2,1,True
2023-08-19,S001,793.0,2,1,True
2023-08-19,S002,799.0,2,2,True
2023-08-19,S003,698.0,2,1,True
2023-08-19,S004,528.0,2,1,True
2023-08-19,S005,616.0,2,2,True
2023-08-20,S001,772.0,2,2,True
2023-08-20,S002,681.0,2,2,True
2023-08-20,S003,724.0,2,1,True
2023-08-20,S004,715.0,2,1,True
2023-08-20,S005,657.0,2,2,True
2023-08-21,S001,511.0,2,2,True
2023-08-21,S002,619.0,2,1,True
2023-08-21,S003,566.0,2,1,True
2023-08-21,S004,580.0,2,2,True
2023-08-21,S005,528.0,2,1,True
2023-08-22,S001,463.0,2,1,True
2023-08-22,S002,535.0,2,1,True
2023-08-22,S003,621.0,2,1,True
2023-08-22,S004,585.0,2,1,True
2023-08-22,S005,485.0,2,3,False
2023-08-23,S001,379.0,2,1,True
2023-08-23,S002,465.0,2,2,True
2023-08-23,S003,552.0,2,2,True
2023-08-23,S004,556.0,2,2,True
2023-08-23,S005,462.0,2,1,True
2023-08-24,S001,626.0,2,2,True
2023-08-24,S002,532.0,2,1,True
2023-08-24,S003,513.0,2,1,True
2023-08-24,S004,621.0,2,3,False
2023-08-24,S005,633.0,2,2,True
2023-08-25,S001,455.0,2,1,True
2023-08-25,S002,457.0,2,3,False
2023-08-25,S003,560.0,2,1,True
2023-08-25,S004,529.0,2,2,True
2023-08-25,S005,595.0,2,2,True
2023-08-26,S001,634.0,2,1,True
2023-08-26,S002,723.0,2,1,True
2023-08-26,S003,628.0,2,2,True
2023-08-26,S004,575.0,2,2,True
2023-08-26,S005,604.0,2,1,True
2023-08-27,S001,550.0,2,2,True
2023-08-27,S002,763.0,2,1,True
2023-08-27,S003,758.0,2,2,True
2023-08-27,S004,722.0,2,2,True
2023-08-27,S005,802.0,2,1,True
2023-08-28,S001,542.0,2,1,True
2023-08-28,S002,464.0,2,2,True
2023-08-28,S003,473.0,2,2,True
2023-08-28,S004,531.0,2,2,True
2023-08-28,S005,531.0,2,2,True
2023-08-29,S001,540.0,2,2,True
2023-08-29,S002,485.0,2,2,True
2023-08-29,S003,573.0,2,1,True
2023-08-29,S004,495.0,2,1,True
2023-08-29,S005,557.0,2,1,True
2023-08-30,S001,433.0,2,1,True
2023-08-30,S002,464.0,2,1,True
2023-08-30,S003,569.0,2,2,True
2023-08-30,S004,420.0,2,1,True
2023-08-30,S005,436.0,2,1,True
2023-08-31,S001,510.0,2,1,True
2023-08-31,S002,602.0,2,1,True
2023-08-31,S003,535.0,2,1,True
2023-08-31,S004,506.0,2,1,True
2023-08-31,S005,559.0,2,2,True
2023-09-01,S001,528.0,2,1,True
2023-09-01,S002,462.0,2,2,True
2023-09-01,S003,502.0,2,1,True
2023-09-01,S004,514.0,2,2,True
2023-09-01,S005,486.0,2,2,True
2023-09-02,S001,707.0,2,2,True
2023-09-02,S002,583.0,2,1,True
2023-09-02,S003,565.0,2,2,True
2023-09-02,S004,607.0,2,2,True
2023-09-02,S005,599.0,2,2,True
2023-09-03,S001,673.0,2,2,True
2023-09-03,S002,533.0,2,1,True
2023-09-03,S003,623.0,2,2,True
2023-09-03,S004,670.0,2,2,True
2023-09-03,S005,626.0,2,1,True
2023-09-04,S001,498.0,2,2,True
2023-09-04,S002,538.0,2,2,True
2023-09-04,S003,517.0,2,2,True
2023-09-04,S004,457.0,2,1,True
2023-09-04,S005,451.0,2,1,True
2023-09-05,S001,553.0,2,1,True
2023-09-05,S002,419.0,2,1,True
2023-09-05,S003,507.0,2,2,True
2023-09-05,S004,559.0,2,1,True
2023-09-05,S005,447.0,2,1,True
2023-09-06,S001,442.0,2,2,True
2023-09-06,S002,400.0,2,2,True
2023-09-06,S003,417.0,2,1,True
2023-09-06,S004,358.0,2,3,False
2023-09-06,S005,566.0,2,2,True
2023-09-07,S001,484.0,2,1,True
2023-09-07,S002,481.0,2,2,True
2023-09-07,S003,435.0,2,2,True
2023-09-07,S004,447.0,2,1,True
2023-09-07,S005,438.0,2,2,True
2023-09-08,S001,469.0,2,2,True
2023-09-08,S002,458.0,2,2,True
2023-09-08,S003,478.0,2,2,True
2023-09-08,S004,446.0,2,1,True
2023-09-08,S005,421.0,2,1,True
2023-09-09,S001,570.0,2,2,True
2023-09-09,S002,622.0,2,2,True
2023-09-09,S003,580.0,2,1,True
2023-09-09,S004,608.0,2,2,True
2023-09-09,S005,576.0,2,2,True
2023-09-10,S001,582.0,2,2,True
2023-09-10,S002,573.0,2,2,True
2023-09-10,S003,484.0,2,1,True
2023-09-10,S004,594.0,2,1,True
2023-09-10,S005,613.0,2,2,True
2023-09-11,S001,554.0,2,3,False
2023-09-11,S002,479.0,2,2,True
2023-09-11,S003,474.0,2,2,True
2023-09-11,S004,497.0,2,1,True
2023-09-11,S005,477.0,2,1,True
2023-09-12,S001,573.0,2,1,True
2023-09-12,S002,495.0,2,1,True
2023-09-12,S003,494.0,2,1,True
2023-09-12,S004,573.0,2,2,True
2023-09-12,S005,475.0,2,2,True
2023-09-13,S001,455.0,2,1,True
2023-09-13,S002,549.0,2,2,True
2023-09-13,S003,594.0,2,2,True
2023-09-13,S004,441.0,2,2,True
2023-09-13,S005,498.0,2,1,True
2023-09-14,S001,531.0,2,1,True
2023-09-14,S002,532.0,2,2,True
2023-09-14,S003,468.0,2,2,True
2023-09-14,S004,511.0,2,2,True
2023-09-14,S005,513.0,2,1,True
2023-09-15,S001,523.0,2,1,True
2023-09-15,S002,471.0,2,1,True
2023-09-15,S003,474.0,2,1,True
2023-09-15,S004,386.0,2,2,True
2023-09-15,S005,492.0,2,3,False
2023-09-16,S001,712.0,2,1,True
2023-09-16,S002,547.0,2,2,True
2023-09-16,S003,664.0,2,1,True
2023-09-16,S004,553.0,2,2,True
2023-09-16,S005,614.0,2,1,True
2023-09-17,S001,492.0,2,1,True
2023-09-17,S002,581.0,2,2,True
2023-09-17,S003,426.0,2,2,True
2023-09-17,S004,588.0,2,1,True
2023-09-17,S005,728.0,2,1,True
2023-09-18,S001,500.0,2,1,True
2023-09-18,S002,497.0,2,1,True
2023-09-18,S003,599.0,2,2,True
2023-09-18,S004,512.0,2,1,True
2023-09-18,S005,566.0,2,1,True
2023-09-19,S001,523.0,2,1,True
2023-09-19,S002,484.0,2,1,True
2023-09-19,S003,464.0,2,1,True
2023-09-19,S004,448.0,2,1,True
2023-09-19,S005,519.0,2,1,True
2023-09-20,S001,565.0,2,1,True
2023-09-20,S002,509.0,2,2,True
2023-09-20,S003,492.0,2,2,True
2023-09-20,S004,516.0,2,2,True
2023-09-20,S005,457.0,2,1,True
2023-09-21,S001,508.0,2,1,True
2023-09-21,S002,392.0,2,1,True
2023-09-21,S003,461.0,2,1,True
2023-09-21,S004,549.0,2,2,True
2023-09-21,S005,380.0,2,1,True
2023-09-22,S001,375.0,2,2,True
2023-09-22,S002,533.0,2,2,True
2023-09-22,S003,396.0,2,2,True
2023-09-22,S004,474.0,2,2,True
2023-09-22,S005,555.0,2,1,True
2023-09-23,S001,630.0,2,2,True
2023-09-23,S002,661.0,2,2,True
2023-09-23,S003,487.0,2,1,True
2023-09-23,S004,659.0,2,1,True
2023-09-23,S005,699.0,2,1,True
2023-09-24,S001,507.0,2,1,True
2023-09-24,S002,551.0,2,3,False
2023-09-24,S003,487.0,2,1,True
2023-09-24,S004,489.0,2,1,True
2023-09-24,S005,648.0,2,2,True
2023-09-25,S001,498.0,2,2,True
2023-09-25,S002,487.0,2,2,True
2023-09-25,S003,395.0,2,2,True
2023-09-25,S004,537.0,2,1,True
2023-09-25,S005,567.0,2,1,True
2023-09-26,S001,503.0,2,2,True
2023-09-26,S002,380.0,2,2,True
2023-09-26,S003,562.0,2,2,True
2023-09-26,S004,413.0,2,2,True
2023-09-26,S005,530.0,2,3,False
2023-09-27,S001,481.0,2,1,True
2023-09-27,S002,535.0,2,2,True
2023-09-27,S003,447.0,2,2,True
2023-09-27,S004,453.0,2,2,True
2023-09-27,S005,432.0,2,1,True
2023-09-28,S001,499.0,2,2,True
2023-09-28,S002,425.0,2,2,True
2023-09-28,S003,574.0,2,2,True
2023-09-28,S004,435.0,2,1,True
2023-09-28,S005,525.0,2,2,True
2023-09-29,S001,560.0,2,2,True
2023-09-29,S002,486.0,2,2,True
2023-09-29,S003,396.0,2,1,True
2023-09-29,S004,437.0,2,2,True
2023-09-29,S005,479.0,2,2,True
2023-09-30,S001,604.0,2,1,True
2023-09-30,S002,456.0,2,2,True
2023-09-30,S003,704.0,2,1,True
2023-09-30,S004,616.0,2,2,True
2023-09-30,S005,607.0,2,1,True
2023-10-01,S001,694.0,2,1,True
2023-10-01,S002,669.0,2,1,True
2023-10-01,S003,684.0,2,2,True
2023-10-01,S004,709.0,2,2,True
2023-10-01,S005,656.0,2,2,True
2023-10-02,S001,507.0,2,1,True
2023-10-02,S002,545.0,2,1,True
2023-10-02,S003,528.0,2,1,True
2023-10-02,S004,552.0,2,2,True
2023-10-02,S005,470.0,2,1,True
2023-10-03,S001,554.0,2,1,True
2023-10-03,S002,408.0,2,1,True
2023-10-03,S003,347.0,2,1,True
2023-10-03,S004,506.0,2,1,True
2023-10-03,S005,670.0,2,1,True
2023-10-04,S001,503.0,2,2,True
2023-10-04,S002,670.0,2,1,True
2023-10-04,S003,509.0,2,1,True
2023-10-04,S004,613.0,2,1,True
2023-10-04,S005,498.0,2,2,True
2023-10-05,S001,487.0,2,2,True
2023-10-05,S002,440.0,2,2,True
2023-10-05,S003,386.0,2,2,True
2023-10-05,S004,567.0,2,2,True
2023-10-05,S005,538.0,2,1,True
2023-10-06,S001,484.0,2,1,True
2023-10-06,S002,578.0,2,1,True
2023-10-06,S003,582.0,2,1,True
2023-10-06,S004,546.0,2,2,True
2023-10-06,S005,452.0,2,1,True
2023-10-07,S001,736.0,2,1,True
2023-10-07,S002,593.0,2,2,True
2023-10-07,S003,693.0,2,1,True
2023-10-07,S004,514.0,2,2,True
2023-10-07,S005,655.0,2,2,True
2023-10-08,S001,602.0,2,1,True
2023-10-08,S002,580.0,2,2,True
2023-10-08,S003,750.0,2,1,True
2023-10-08,S004,631.0,2,1,True
2023-10-08,S005,654.0,2,1,True
2023-10-09,S001,465.0,2,1,True
2023-10-09,S002,422.0,2,2,True
2023-10-09,S003,540.0,2,1,True
2023-10-09,S004,558.0,2,1,True
2023-10-09,S005,509.0,2,2,True
2023-10-10,S001,487.0,2,2,True
2023-10-10,S002,526.0,2,2,True
2023-10-10,S003,571.0,2,2,True
2023-10-10,S004,590.0,2,2,True
2023-10-10,S005,477.0,2,2,True
2023-10-11,S001,492.0,2,1,True
2023-10-11,S002,512.0,2,2,True
2023-10-11,S003,495.0,2,1,True
2023-10-11,S004,509.0,2,1,True
2023-10-11,S005,464.0,2,2,True
2023-10-12,S001,530.0,2,1,True
2023-10-12,S002,421.0,2,1,True
2023-10-12,S003,507.0,2,2,True
2023-10-12,S004,589.0,2,1,True
2023-10-12,S005,471.0,2,1,True
2023-10-13,S001,512.0,2,1,True
2023-10-13,S002,544.0,2,2,True
2023-10-13,S003,533.0,2,1,True
2023-10-13,S004,510.0,2,2,True
2023-10-13,S005,520.0,2,2,True
2023-10-14,S001,644.0,2,2,True
2023-10-14,S002,686.0,2,1,True
2023-10-14,S003,789.0,2,1,True
2023-10-14,S004,532.0,2,2,True
2023-10-14,S005,678.0,2,2,True
2023-10-15,S001,464.0,2,1,True
2023-10-15,S002,574.0,2,2,True
2023-10-15,S003,627.0,2,1,True
2023-10-15,S004,695.0,2,2,True
2023-10-15,S005,629.0,2,2,True
2023-10-16,S001,540.0,2,2,True
2023-10-16,S002,498.0,2,2,True
2023-10-16,S003,469.0,2,1,True
2023-10-16,S004,465.0,2,1,True
2023-10-16,S005,424.0,2,2,True
2023-10-17,S001,553.0,2,1,True
2023-10-17,S002,534.0,2,1,True
2023-10-17,S003,348.0,2,2,True
2023-10-17,S004,501.0,2,2,True
2023-10-17,S005,353.0,2,2,True
2023-10-18,S001,521.0,2,1,True
2023-10-18,S002,477.0,2,1,True
2023-10-18,S003,548.0,2,1,True
2023-10-18,S004,457.0,2,2,True
2023-10-18,S005,575.0,2,1,True
2023-10-19,S001,491.0,2,2,True
2023-10-19,S002,517.0,2,2,True
2023-10-19,S003,464.0,2,2,True
2023-10-19,S004,571.0,2,1,True
2023-10-19,S005,614.0,2,2,True
2023-10-20,S001,494.0,2,1,True
2023-10-20,S002,573.0,2,1,True
2023-10-20,S003,568.0,2,2,True
2023-10-20,S004,488.0,2,2,True
2023-10-20,S005,501.0,2,1,True
2023-10-21,S001,611.0,2,1,True
2023-10-21,S002,517.0,2,2,True
2023-10-21,S003,504.0,2,2,True
2023-10-21,S004,706.0,2,2,True
2023-10-21,S005,635.0,2,2,True
2023-10-22,S001,579.0,2,2,True
2023-10-22,S002,583.0,2,1,True
2023-10-22,S003,779.0,2,1,True
2023-10-22,S004,740.0,2,3,False
2023-10-22,S005,638.0,2,2,True
2023-10-23,S001,475.0,2,2,True
2023-10-23,S002,475.0,2,1,True
2023-10-23,S003,474.0,2,1,True
2023-10-23,S004,489.0,2,2,True
2023-10-23,S005,515.0,2,1,True
2023-10-24,S001,569.0,2,2,True
2023-10-24,S002,509.0,2,1,True
2023-10-24,S003,461.0,2,1,True
2023-10-24,S004,517.0,2,2,True
2023-10-24,S005,635.0,2,2,True
2023-10-25,S001,485.0,2,1,True
2023-10-25,S002,435.0,2,1,True
2023-10-25,S003,532.0,2,2,True
2023-10-25,S004,503.0,2,1,True
2023-10-25,S005,573.0,2,1,True
2023-10-26,S001,492.0,2,1,True
2023-10-26,S002,588.0,2,1,True
2023-10-26,S003,510.0,2,1,True
2023-10-26,S004,474.0,2,1,True
2023-10-26,S005,475.0,2,3,False
2023-10-27,S001,509.0,2,1,True
2023-10-27,S002,452.0,2,1,True
2023-10-27,S003,482.0,2,1,True
2023-10-27,S004,522.0,2,1,True
2023-10-27,S005,466.0,2,2,True
2023-10-28,S001,635.0,2,2,True
2023-10-28,S002,689.0,2,2,True
2023-10-28,S003,752.0,2,1,True
2023-10-28,S004,583.0,2,2,True
2023-10-28,S005,725.0,2,1,True
2023-10-29,S001,649.0,2,2,True
2023-10-29,S002,685.0,2,1,True
2023-10-29,S003,621.0,2,2,True
2023-10-29,S004,658.0,2,1,True
2023-10-29,S005,657.0,2,1,True
2023-10-30,S001,445.0,2,2,True
2023-10-30,S002,523.0,2,1,True
2023-10-30,S003,368.0,2,1,True
2023-10-30,S004,590.0,2,2,True
2023-10-30,S005,455.0,2,1,True
2023-10-31,S001,413.0,2,2,True
2023-10-31,S002,683.0,2,1,True
2023-10-31,S003,528.0,2,1,True
2023-10-31,S004,482.0,2,1,True
2023-10-31,S005,471.0,2,2,True
2023-11-01,S001,748.0,2,1,True
2023-11-01,S002,762.0,2,2,True
2023-11-01,S003,606.0,2,2,True
2023-11-01,S004,622.0,2,2,True
2023-11-01,S005,757.0,2,3,False
2023-11-02,S001,789.0,2,2,True
2023-11-02,S002,779.0,2,1,True
2023-11-02,S003,560.0,2,1,True
2023-11-02,S004,762.0,2,1,True
2023-11-02,S005,656.0,2,2,True
2023-11-03,S001,676.0,2,1,True
2023-11-03,S002,635.0,2,2,True
2023-11-03,S003,657.0,2,1,True
2023-11-03,S004,678.0,2,2,True
2023-11-03,S005,685.0,2,2,True
2023-11-04,S001,883.0,2,2,True
2023-11-04,S002,941.0,2,2,True
2023-11-04,S003,829.0,2,2,True
2023-11-04,S004,966.0,2,1,True
2023-11-04,S005,905.0,2,1,True
2023-11-05,S001,781.0,2,1,True
2023-11-05,S002,733.0,2,2,True
2023-11-05,S003,679.0,2,1,True
2023-11-05,S004,1008.0,2,3,False
2023-11-05,S005,876.0,2,2,True
2023-11-06,S001,517.0,2,2,True
2023-11-06,S002,648.0,2,1,True
2023-11-06,S003,761.0,2,1,True
2023-11-06,S004,751.0,2,1,True
2023-11-06,S005,555.0,2,2,True
2023-11-07,S001,617.0,2,2,True
2023-11-07,S002,799.0,2,1,True
2023-11-07,S003,639.0,2,2,True
2023-11-07,S004,542.0,2,1,True
2023-11-07,S005,792.0,2,1,True
2023-11-08,S001,728.0,2,2,True
2023-11-08,S002,793.0,2,1,True
2023-11-08,S003,723.0,2,1,True
2023-11-08,S004,761.0,2,1,True
2023-11-08,S005,612.0,2,2,True
2023-11-09,S001,778.0,2,1,True
2023-11-09,S002,680.0,2,2,True
2023-11-09,S003,750.0,2,1,True
2023-11-09,S004,838.0,2,2,True
2023-11-09,S005,660.0,2,2,True
2023-11-10,S001,651.0,2,2,True
2023-11-10,S002,697.0,2,1,True
2023-11-10,S003,681.0,2,1,True
2023-11-10,S004,704.0,2,2,True
2023-11-10,S005,666.0,2,2,True
2023-11-11,S001,833.0,2,1,True
2023-11-11,S002,1055.0,2,1,True
2023-11-11,S003,650.0,2,2,True
2023-11-11,S004,938.0,2,1,True
2023-11-11,S005,747.0,2,1,True
2023-11-12,S001,909.0,2,2,True
2023-11-12,S002,1078.0,2,1,True
2023-11-12,S003,817.0,2,2,True
2023-11-12,S004,731.0,2,1,True
2023-11-12,S005,840.0,2,2,True
2023-11-13,S001,650.0,2,3,False
2023-11-13,S002,688.0,2,1,True
2023-11-13,S003,694.0,2,1,True
2023-11-13,S004,771.0,2,1,True
2023-11-13,S005,670.0,2,2,True
2023-11-14,S001,784.0,2,2,True
2023-11-14,S002,791.0,2,1,True
2023-11-14,S003,653.0,2,3,False
2023-11-14,S004,634.0,2,1,True
2023-11-14,S005,687.0,2,1,True
2023-11-15,S001,832.0,2,1,True
2023-11-15,S002,807.0,2,1,True
2023-11-15,S003,830.0,2,1,True
2023-11-15,S004,500.0,2,2,True
2023-11-15,S005,745.0,2,1,True
2023-11-16,S001,612.0,2,2,True
2023-11-16,S002,887.0,2,2,True
2023-11-16,S003,809.0,2,1,True
2023-11-16,S004,502.0,2,2,True
2023-11-16,S005,677.0,2,2,True
2023-11-17,S001,813.0,2,1,True
2023-11-17,S002,800.0,2,1,True
2023-11-17,S003,508.0,2,1,True
2023-11-17,S004,839.0,2,1,True
2023-11-17,S005,548.0,2,2,True
2023-11-18,S001,904.0,2,1,True
2023-11-18,S002,1011.0,2,1,True
2023-11-18,S003,668.0,2,3,False
2023-11-18,S004,857.0,2,1,True
2023-11-18,S005,868.0,2,1,True
2023-11-19,S001,744.0,2,2,True
2023-11-19,S002,862.0,2,2,True
2023-11-19,S003,886.0,2,1,True
2023-11-19,S004,638.0,2,2,True
2023-11-19,S005,562.0,2,2,True
2023-11-20,S001,563.0,2,1,True
2023-11-20,S002,636.0,2,2,True
2023-11-20,S003,733.0,2,2,True
2023-11-20,S004,708.0,2,1,True
2023-11-20,S005,594.0,2,1,True
2023-11-21,S001,725.0,2,3,False
2023-11-21,S002,609.0,2,2,True
2023-11-21,S003,683.0,2,1,True
2023-11-21,S004,610.0,2,1,True
2023-11-21,S005,763.0,2,1,True
2023-11-22,S001,705.0,2,1,True
2023-11-22,S002,701.0,2,2,True
2023-11-22,S003,941.0,2,2,True
2023-11-22,S004,675.0,2,1,True
2023-11-22,S005,832.0,2,2,True
2023-11-23,S001,792.0,2,1,True
2023-11-23,S002,784.0,2,2,True
2023-11-23,S003,599.0,2,2,True
2023-11-23,S004,486.0,2,2,True
2023-11-23,S005,834.0,2,1,True
2023-11-24,S001,705.0,2,2,True
2023-11-24,S002,648.0,2,1,True
2023-11-24,S003,834.0,2,2,True
2023-11-24,S004,606.0,2,1,True
2023-11-24,S005,707.0,2,2,True
2023-11-25,S001,737.0,2,2,True
2023-11-25,S002,986.0,2,1,True
2023-11-25,S003,998.0,2,1,True
2023-11-25,S004,880.0,2,1,True
2023-11-25,S005,947.0,2,2,True
2023-11-26,S001,893.0,2,1,True
2023-11-26,S002,954.0,2,1,True
2023-11-26,S003,986.0,2,1,True
2023-11-26,S004,917.0,2,1,True
2023-11-26,S005,1028.0,2,1,True
2023-11-27,S001,665.0,2,2,True
2023-11-27,S002,748.0,2,1,True
2023-11-27,S003,578.0,2,1,True
2023-11-27,S004,677.0,2,2,True
2023-11-27,S005,731.0,2,2,True
2023-11-28,S001,545.0,2,2,True
2023-11-28,S002,759.0,2,2,True
2023-11-28,S003,634.0,2,2,True
2023-11-28,S004,699.0,2,1,True
2023-11-28,S005,768.0,2,1,True
2023-11-29,S001,657.0,2,2,True
2023-11-29,S002,572.0,2,2,True
2023-11-29,S003,595.0,2,1,True
2023-11-29,S004,782.0,2,3,False
2023-11-29,S005,728.0,2,2,True
2023-11-30,S001,880.0,2,1,True
2023-11-30,S002,519.0,2,2,True
2023-11-30,S003,664.0,2,1,True
2023-11-30,S004,729.0,2,2,True
2023-11-30,S005,644.0,2,2,True
2023-12-01,S001,923.0,2,2,True
2023-12-01,S002,1000.0,2,1,True
2023-12-01,S003,900.0,2,2,True
2023-12-01,S004,889.0,2,2,True
2023-12-01,S005,821.0,2,1,True
2023-12-02,S001,973.0,2,1,True
2023-12-02,S002,1018.0,2,1,True
2023-12-02,S003,1146.0,2,1,True
2023-12-02,S004,853.0,2,1,True
2023-12-02,S005,1087.0,2,2,True
2023-12-03,S001,964.0,2,2,True
2023-12-03,S002,1245.0,2,1,False
2023-12-03,S003,1032.0,2,1,True
2023-12-03,S004,982.0,2,2,True
2023-12-03,S005,1126.0,2,1,True
2023-12-04,S001,770.0,2,1,True
2023-12-04,S002,850.0,2,1,True
2023-12-04,S003,722.0,2,1,True
2023-12-04,S004,909.0,2,1,True
2023-12-04,S005,787.0,2,1,True
2023-12-05,S001,687.0,2,1,True
2023-12-05,S002,884.0,2,2,True
2023-12-05,S003,920.0,2,1,False
2023-12-05,S004,864.0,2,1,True
2023-12-05,S005,892.0,2,2,True
2023-12-06,S001,931.0,2,2,True
2023-12-06,S002,798.0,2,1,True
2023-12-06,S003,945.0,2,1,True
2023-12-06,S004,795.0,2,1,False
2023-12-06,S005,659.0,2,3,False
2023-12-07,S001,721.0,2,2,True
2023-12-07,S002,704.0,2,1,True
2023-12-07,S003,653.0,2,1,True
2023-12-07,S004,756.0,2,1,True
2023-12-07,S005,851.0,2,1,True
2023-12-08,S001,820.0,2,1,True
2023-12-08,S002,943.0,2,1,True
2023-12-08,S003,904.0,2,1,True
2023-12-08,S004,722.0,2,1,True
2023-12-08,S005,793.0,2,1,True
2023-12-09,S001,1090.0,2,1,True
2023-12-09,S002,1080.0,2,3,False
2023-12-09,S003,1192.0,2,1,True
2023-12-09,S004,982.0,2,1,True
2023-12-09,S005,929.0,2,1,True
2023-12-10,S001,888.0,2,1,True
2023-12-10,S002,1044.0,2,1,True
2023-12-10,S003,981.0,2,1,True
2023-12-10,S004,1138.0,2,1,True
2023-12-10,S005,1028.0,2,2,True
2023-12-11,S001,861.0,2,1,True
2023-12-11,S002,937.0,2,1,True
2023-12-11,S003,806.0,2,1,True
2023-12-11,S004,926.0,2,1,True
2023-12-11,S005,807.0,2,1,True
2023-12-12,S001,919.0,2,2,True
2023-12-12,S002,818.0,2,2,True
2023-12-12,S003,851.0,2,1,True
2023-12-12,S004,732.0,2,1,True
2023-12-12,S005,853.0,2,2,True
2023-12-13,S001,645.0,2,2,True
2023-12-13,S002,838.0,2,1,True
2023-12-13,S003,861.0,2,1,True
2023-12-13,S004,693.0,2,2,True
2023-12-13,S005,750.0,2,1,True
2023-12-14,S001,900.0,2,1,True
2023-12-14,S002,1014.0,2,2,True
2023-12-14,S003,970.0,2,1,True
2023-12-14,S004,899.0,2,1,True
2023-12-14,S005,746.0,2,1,True
2023-12-15,S001,809.0,2,1,True
2023-12-15,S002,935.0,2,1,True
2023-12-15,S003,910.0,2,2,True
2023-12-15,S004,797.0,2,1,True
2023-12-15,S005,911.0,2,2,True
2023-12-16,S001,845.0,2,1,True
2023-12-16,S002,966.0,2,1,True
2023-12-16,S003,1014.0,2,1,True
2023-12-16,S004,1151.0,2,1,True
2023-12-16,S005,1051.0,2,1,True
2023-12-17,S001,955.0,2,2,True
2023-12-17,S002,956.0,2,3,False
2023-12-17,S003,941.0,2,1,True
2023-12-17,S004,929.0,2,2,True
2023-12-17,S005,836.0,2,1,True
2023-12-18,S001,885.0,2,1,True
2023-12-18,S002,786.0,2,1,True
2023-12-18,S003,586.0,2,2,True
2023-12-18,S004,802.0,2,2,True
2023-12-18,S005,804.0,2,1,True
2023-12-19,S001,764.0,2,1,True
2023-12-19,S002,868.0,2,2,True
2023-12-19,S003,716.0,2,1,True
2023-12-19,S004,602.0,2,1,True
2023-12-19,S005,917.0,2,1,True
2023-12-20,S001,901.0,2,1,True
2023-12-20,S002,965.0,2,1,True
2023-12-20,S003,876.0,2,2,True
2023-12-20,S004,714.0,2,3,False
2023-12-20,S005,776.0,2,1,True
2023-12-21,S001,821.0,2,1,True
2023-12-21,S002,954.0,2,1,True
2023-12-21,S003,883.0,2,1,True
2023-12-21,S004,784.0,2,1,True
2023-12-21,S005,777.0,2,2,True
2023-12-22,S001,861.0,2,1,True
2023-12-22,S002,830.0,2,1,True
2023-12-22,S003,970.0,2,1,True
2023-12-22,S004,773.0,2,1,True
2023-12-22,S005,964.0,2,1,True
2023-12-23,S001,829.0,2,1,True
2023-12-23,S002,1009.0,2,1,True
2023-12-23,S003,1139.0,2,1,True
2023-12-23,S004,954.0,2,2,True
2023-12-23,S005,988.0,2,2,True
2023-12-24,S001,945.0,2,2,True
2023-12-24,S002,891.0,2,2,True
2023-12-24,S003,1165.0,2,2,True
2023-12-24,S004,1066.0,2,1,True
2023-12-24,S005,973.0,2,2,True
2023-12-25,S001,888.0,2,1,True
2023-12-25,S002,848.0,2,2,True
2023-12-25,S003,704.0,2,1,True
2023-12-25,S004,756.0,2,1,True
2023-12-25,S005,779.0,2,2,True
2023-12-26,S001,842.0,2,1,True
2023-12-26,S002,669.0,2,1,True
2023-12-26,S003,844.0,2,1,True
2023-12-26,S004,842.0,2,2,True
2023-12-26,S005,971.0,2,1,True
2023-12-27,S001,833.0,2,1,True
2023-12-27,S002,784.0,2,2,True
2023-12-27,S003,754.0,2,2,True
2023-12-27,S004,803.0,2,2,True
2023-12-27,S005,676.0,2,1,True
2023-12-28,S001,965.0,2,1,True
2023-12-28,S002,613.0,2,2,True
2023-12-28,S003,805.0,2,1,True
2023-12-28,S004,967.0,2,1,True
2023-12-28,S005,675.0,2,2,True
2023-12-29,S001,817.0,2,1,True
2023-12-29,S002,771.0,2,1,True
2023-12-29,S003,703.0,2,2,True
2023-12-29,S004,772.0,2,1,True
2023-12-29,S005,991.0,2,2,True
2023-12-30,S001,798.0,2,2,True
2023-12-30,S002,1025.0,2,1,True
2023-12-30,S003,1186.0,2,1,True
2023-12-30,S004,842.0,2,1,True
2023-12-30,S005,1178.0,2,2,True
2023-12-31,S001,1225.0,2,1,True
2023-12-31,S002,1028.0,2,2,True
2023-12-31,S003,954.0,2,2,True
2023-12-31,S004,1203.0,2,1,True
2023-12-31,S005,775.0,2,2,True
